{
  "turrets": {
    "1": {
      "r": 168.402,
      "theta": 0
    },
    "2": {
      "r": 168.402,
      "theta": 3.141592653589793
    },
    "3": {
      "r": 168.402,
      "theta": 4.572762640225144
    }
  },
  "globes": [
    {
      "r": 168.402,
      "theta": 1.570796327,
      "z": 168.402
    },
    {
      "r": 168.402,
      "theta": 3.141592653589793,
      "z": 159.25
    },
    {
      "r": 168.402,
      "theta": 0,
      "z": 159.25
    }
  ]
}